{"center":{"length":null,"x":-5.1135350783107,"y":7.88594938258151}}