{"gates":[{"length":null,"x":-6.79646188956016,"y":-31.8932245450964},{"length":null,"x":20.9944209433602,"y":-8.00682164869565}]}