{"center":{"length":null,"x":8.29738245461805,"y":5.29174173025729}}