{"gates":[{"length":null,"x":-78.2568271828361,"y":59.751648841921},{"length":null,"x":55.8925882190946,"y":95.234708991441},{"length":null,"x":78.4623061157335,"y":-66.5885552859207},{"length":null,"x":-94.1381908363888,"y":-14.1984919574651}]}