{"center":{"length":null,"x":-3.31140609967173,"y":9.22414945149823}}