{"gates":[{"length":null,"x":-16.4896488582418,"y":21.609935963429}]}